"","metric","obs","exp","logrr","perchange","n","sd_obs","sd_exp","se_obs","se_exp","npool","varian","lrr.sd","lrr.se","lrr.ci","yi","vi","sei","zi","ci.lb","ci.ub"
"1","Bird Abundance",13.95,8.6,0.483717305007913,62.2093023255814,20,7.34470808419948,1.88248505970167,1.64232665511623,0.420936456012068,10,0.0162559580262696,0.127498854999838,0.0403186780863034,0.0790246090491546,0.483717305007913,0.0162559580262696,0.127498854999838,3.79389528642064,0.233824141138136,0.733610468877689
"2","Bird FD",0.742793475096522,0.513060735012651,0.370023815239813,44.7769093220915,20,0.278069918405188,0.0563126970697958,0.062178324005182,0.0125919018644417,10,0.00760950195041915,0.0872324592707276,0.027585325719337,0.0540672384099005,0.370023815239813,0.00760950195041915,0.0872324592707276,4.24181340676682,0.19905133678633,0.540996293693296
"3","Bird PD",388.236542426,258.442739354312,0.406940641083461,50.2214933164543,20,96.8093391866591,19.0041968357121,21.6472263278204,4.24946759824387,10,0.00337929408978453,0.0581316960855653,0.0183828563879081,0.0360303985202998,0.406940641083461,0.00337929408978453,0.0581316960855653,7.00032286146401,0.293004610395525,0.520876671771397
"4","Predation Rate",0.240481477175851,0.14784951634576,0.486448093556322,62.6528669958325,17,0.0910847138519692,0.015768836223526,0.0220912880053429,0.00382450454956844,8.5,0.00910789352371737,0.0954352844796796,0.0327340325218758,0.0641587037428765,0.486448093556322,0.00910789352371737,0.0954352844796796,5.09715139645126,0.299398373121816,0.673497813990829
